<?xml version="1.0" encoding="utf-8"?>
<!--Created using XmlSitemapGenerator.org - Free HTML, RSS and XML sitemap generator-->
<rss version="2.0">
  <channel>
    <title>Электротехника и&amp;nbsp;не&amp;nbsp;только</title>
    <link>https://eti-shop.alekseykonstantinov.ru/</link>
    <description />
    <item>
      <guid>https://eti-shop.alekseykonstantinov.ru/politica.html</guid>
      <title>Политика в отношении обработки персональных данных Интернет-магазин электроники и не только</title>
      <link>https://eti-shop.alekseykonstantinov.ru/politica.html</link>
      <description>Политика в отношении обработки персональных данных Интернет-магазин электроники и не только</description>
    </item>
    <item>
      <guid>https://eti-shop.alekseykonstantinov.ru/</guid>
      <title>Электротехника и&amp;nbsp;не&amp;nbsp;только</title>
      <link>https://eti-shop.alekseykonstantinov.ru/</link>
      <description>Интернет-магазин электроники, электротехнических изделий, инструменты, расходные материалы и многое другое для профессионалов, самостройщиков и домашних мастеров, доставка, отправка, самовывоз.</description>
    </item>
    <item>
      <guid>https://eti-shop.alekseykonstantinov.ru/index.html</guid>
      <title>Электротехника и&amp;nbsp;не&amp;nbsp;только</title>
      <link>https://eti-shop.alekseykonstantinov.ru/index.html</link>
      <description>Интернет-магазин электроники, электротехнических изделий, инструменты, расходные материалы и многое другое для профессионалов, самостройщиков и домашних мастеров, доставка, отправка, самовывоз.</description>
    </item>
    <item>
      <guid>https://eti-shop.alekseykonstantinov.ru/dostavka.html</guid>
      <title>Электротехника и&amp;nbsp;не&amp;nbsp;только</title>
      <link>https://eti-shop.alekseykonstantinov.ru/dostavka.html</link>
      <description>Интернет-магазин электроники, электротехнических изделий, инструменты, расходные материалы и многое другое для профессионалов, самостройщиков и домашних мастеров, доставка, отправка, самовывоз.</description>
    </item>
    <item>
      <guid>https://eti-shop.alekseykonstantinov.ru/contacts.html</guid>
      <title>Электротехника и&amp;nbsp;не&amp;nbsp;только</title>
      <link>https://eti-shop.alekseykonstantinov.ru/contacts.html</link>
      <description>Контакты Интернет-магазин электроники электротехнических изделий инструменты расходные материалы и многое другое для профессионалов самостройщиков и домашних мастеров доставка отправка самовывоз</description>
    </item>
  </channel>
</rss>
<!--<guid value="" />-->
<!--Created using XmlSitemapGenerator.org - Free HTML, RSS and XML sitemap generator-->