<?xml version="1.0" encoding="utf-8"?>
<!--Created using XmlSitemapGenerator.org - Free HTML, RSS and XML sitemap generator-->
<rss version="2.0">
  <channel>
    <title>Интернет-магазин электроники электротехнических изделий инструменты</title>
    <link>https://eti-shop.su/</link>
    <description />
    <item>
      <guid>https://eti-shop.su/dostavka.html</guid>
      <title>Доставка электротехники электротехнических изделий инструменты</title>
      <link>https://eti-shop.su/dostavka.html</link>
      <description>Доставка электроники электротехнических изделий инструменты расходные материалы  доставка отправка самовывоз.</description>
      <pubDate>Пн, 28 июн 2021 09:43:00 Z</pubDate>
    </item>
    <item>
      <guid>https://eti-shop.su/</guid>
      <title>Интернет-магазин электроники электротехнических изделий инструменты</title>
      <link>https://eti-shop.su/</link>
      <description>интернет-магазин электроники электротехнических изделий инструменты расходные материалы для профессионалов самостройщиков и домашних мастеров</description>
      <pubDate>Пн, 28 июн 2021 09:43:00 Z</pubDate>
    </item>
    <item>
      <guid>https://eti-shop.su/index.html</guid>
      <title>Интернет-магазин электроники электротехнических изделий инструменты</title>
      <link>https://eti-shop.su/index.html</link>
      <description>интернет-магазин электроники электротехнических изделий инструменты расходные материалы для профессионалов самостройщиков и домашних мастеров</description>
      <pubDate>Пн, 28 июн 2021 09:43:00 Z</pubDate>
    </item>
    <item>
      <guid>https://eti-shop.su/contacts.html</guid>
      <title>Контакты интернет-магазин</title>
      <link>https://eti-shop.su/contacts.html</link>
      <description>Контакты интернет-магазина электроники электротехнических изделий инструменты расходные материалы профессионалов самостройщиков и домашних мастеров</description>
      <pubDate>Пн, 28 июн 2021 09:43:00 Z</pubDate>
    </item>
    <item>
      <guid>https://eti-shop.su/politica.html</guid>
      <title>Политика в отношении обработки персональных данных Интернет-магазин электроники и не только</title>
      <link>https://eti-shop.su/politica.html</link>
      <description>Политика в отношении обработки персональных данных Интернет-магазин электроники и не только</description>
      <pubDate>Пн, 28 июн 2021 09:43:00 Z</pubDate>
    </item>
  </channel>
</rss>
<!--<guid value="" />-->
<!--Created using XmlSitemapGenerator.org - Free HTML, RSS and XML sitemap generator-->